"id","name","description","num_followers","num_posts"
356,"touch-bar-apps","Apps built for Apple's new Touch Bar üëá",1753,14
355,"airbnb","Travel the world and experience a place like you live there.",127,44
354,"books","There‚Äôs just nothing like a good book. Expand your knowledge or just kick back with a great adventure.",215,5379
353,"games","Find something new and exciting to play at home or on the go. Work can wait. Have some fun.",135,5389
352,"tech","Hardware or software. Invention or innovation. If someone‚Äôs pushing technology forward, you‚Äôll find it here.",643,63552
351,"imessage-apps","New in iOS 10, apps are integrated with messaging on your iPhone to easily create and share content, add stickers, make payments, and more, without leaving the conversation. ",6662,455
349,"green-tech","Making the world a cleaner place",463,44
348,"pokemon","Gotta catch 'em all",4139,216
347,"git","",536,8
346,"facebook-messenger","",1231,280
345,"outdoors","",602,87
344,"microsoft","Products for, and by, the most widely used operating system in the world.",480,1
343,"linkedin","The most professional network of them all is more than just the website. Here's a variety of apps and hacks built on top of the platform.",4899,63
342,"bots","There‚Äôs a bot for just about everything, from restaurant recommendations to cat GIFs. ‚ÄãBleep bloop beep",25483,1006
341,"medium","All things Medium. Tools that make your writing experience better, plug into the Medium API, and more!",1358,43
308,"maps","There's a map for that üåé",2672,174
307,"star-wars","Jedi, droids, Stormtroopers, and more. Love these products you will.",281,62
306,"made-in-l-a","Explore all the awesome things made in Los Angeles",170,5
305,"made-in-spain","Explore all the awesome things made in Spain",81,1
304,"made-in-china","Explore all the awesome things made in China",164,6
303,"mac-menu-bar-apps","Tiny little apps that do magical things and live in your OS X menu bar. Collect 'em all!",3024,173
302,"made-in-new-zealand","Explore all the awesome things made in New Zealand üá≥üáø",69,31
301,"made-in-chile","Explore all the awesome things made in Chile üá®üá±",53,2
300,"made-in-jordan","Explore all the awesome things made in Jordan ",42,3
299,"made-in-armenia","Explore all the awesome things made in Armenia",48,5
298,"rip","Here's to the fallen ones üëª",203,178
297,"made-in-germany","Explore all the awesome things made in Germany",188,21
296,"made-in-mexico","Explore all the awesome things made in Mexico",60,4
295,"made-in-italy","Explore all the awesome things made in Italy",116,99
294,"made-in-the-uk","Explore all the awesome things made in the UK",203,27
293,"made-in-nordics","Explore all the awesome things made in Nordics",77,27
292,"made-in-brazil","Explore all the awesome things made in Brazil",74,2
291,"made-in-singapore","Explore all the awesome things made in Singapore",88,57
290,"made-in-india","Explore all the awesome things made in India",390,448
289,"made-in-amsterdam","Explore all the awesome things made in Amsterdam üá≥üá±",150,57
288,"made-in-australia","Explore all the awesome things made in Australia üá¶üá∫",176,42
287,"made-in-nyc","Explore all the awesome things made in New York City üóΩ",282,65
286,"made-in-israel","Explore all the awesome things made in Israel",231,45
285,"made-in-france","Explore all the awesome things made in France üá´üá∑",272,96
284,"made-in-canada","Explore all the awesome things made in Canada üá®üá¶",280,177
283,"reddit","The front page of the Internet",944,51
282,"virtual-assistants","We could all use a personal assistant. Offload your to-do list and save time with these helpful services.",1099,90
281,"hip-hop","Hip Hop's influence extends beyond music. If you're into rap and hip hop culture, check out these dope apps, sites, and more. üëä",177,23
280,"snapchat","The hottest ""new"" ephemeral social network used for more than just selfies. Follow ProductHuntTeam. üëª",7615,133
279,"youtube","The place to watch cats (and everything else on the internet)üìΩ. Here are some apps and sites to YouTube better.",744,146
278,"e-commerce","Now you never have to leave the comfort of your home. Discover and purchase whatever you want, whenever you want.",2017,451
277,"delivery-shipping","Until we have teleportation, this is your best bet for getting anything from point A to point B üì¶",560,127
276,"product-hunt","The place to discover your next favorite thing. Hunt products, search for inspiration, or build along with us. Our community has already created a ton of great sites, extensions and apps with our API.",3095,240
275,"on-demand","Get what you want, when you want it, with a few taps. Don't lift a finger... Ok, maybe just one finger.",575,169
274,"wi-fi","A necessity these days. There are a bunch of helpful products that can help to keep you connected 24/7. (P.S. Does not play well with airplanes‚Ä¶yet)",670,77
273,"donald-trump","Politician, businessman, television personality, and potentially the next President of the United States... we'll avoid talking politics here. üòÅ",87,107
272,"github","Distributed version control as a service. But it's so much more than that. GitHub is where developers build, collaborate and share software.",8771,174
271,"sketch","An alernative to Photoshop and Illustrator often used to design today's most popular apps and sites.",3673,140
270,"ascii","Way before the web was filled with rich images, there was beautiful ASCII art. And it's still alive.",165,19
269,"augmented-reality","Transforming the world, AR has the potential to change our lives.",9081,164
268,"artificial-intelligence","A.I. helps save us time and scale personalized services like shopping like never before. But watch out, the robots are getting smarter.",25732,824
267,"developer-tools","Writing code is hard. So we make software to help us write software. Whether it's a new text editor or little command line app. Dev tools are here to make your life as a developer even easier.",57897,3234
266,"netflix","There are all sorts of apps to ""Netflix and chill"" (in the literal sense) and improve your TV/movie streaming experience.",13033,54
265,"kanye-west","What isn't Kanye? Recording artist, songwriter, producer, entrepreneur, fashion designer, epic tweetstormer... Yeezy does it all.",63,13
264,"biohacking","Biotechnology is a fascinating field where scientists and innovators manipulate living systems to improve the way we function.",1049,53
263,"weird","There are all kinds of obscure, strange, and outright ludacris things on the Internet. Proceed with caution. üòÖ",487,74
262,"quantified-self","Quantify your life, from the steps you take to the calories you consume. Just be sure you want to know. üòâ",933,78
261,"wearables","From dog collars to wrist watches, there's wearable technology for everything. It's now easier than ever to measure the progress of your New Years resolutions (or lack thereof). üòÅ",28566,609
260,"drake","The Canadian actor turned rapper turned meme.",51,18
259,"legal","There are a host of companies and apps that are focused on streamlining the legal process. They provide everything from free legal documents, to on-demand notaries, to templates for creating your will (God forbid).",327,70
258,"transportation","Unfortunately, we still can't teleport but at least there are apps that can help us find the most efficient route and take us there.",344,189
257,"pranking","We watched Ashton Kutcher punk our favorite celebs for years. Now you too can troll your friends with these prank products. üòà",516,120
256,"calendar-and-scheduling","Calendar ping pong is an awful game. These apps and services can help you manage your schedule and save you a ton of time.",7838,246
255,"students","Back in the day we had SparkNotes. Today, we have so many more apps and resources to help get through the school year.",402,113
254,"coffee","The fluid that fuels millions of caffeine-addicts. ‚òïÔ∏è",8557,157
253,"tv","Cord-cutters have so many options today. Binge watch the latest Netflix original series or fall into the endless series of cat videos on YouTube. The biggest challenge is deciding what to watch. These apps and sites can help. üì∫",514,150
252,"meetings","Welcome to adulthood, where meetings are unavoidable. Just make sure you're using the right tools to schedule and run productive meetings.",512,264
251,"photography","Whether you're Instagram famous or simply a photography enthusiast, there are so many apps and products to make that selfie or time-lapse sunrise even more beautiful. üì∑",17099,569
250,"travel","So many places to see. From the beaches, to the mountains, explore the world and satisfy your inner wunderlust",3731,649
249,"nomad-lifestyle","Not all who wander are lost. Some travel with their home on their back, living and working in cities across the globe. üåç Now there are sites to help nomads meet each other, book a place to stay, and most importantly, find free WiFi.",8136,233
248,"privacy","You don't have to wear a tinfoil hat to hide from the NSA. There are apps for that.",720,148
247,"software-engineering","Software is eating the world. Even your toaster has software these days. When a group of people come together and build software. We call that software engineering.",2114,350
246,"emulators","Itching to run your favorite game from your childhood? But gave up your old Atari at the family garage sale? Good thing there's an emulator for that.",401,12
245,"sublime","Writing code is way more fun when you can do it with several cursors at once. Need to find that file? CTRL+P and fuzzy search. Text editing so good it's sublime.",531,7
244,"vim","That text editor that no one can figure out how to quit. Either because it‚Äôs the best thing ever and makes you super productive‚Ä¶ or because it‚Äôs actually just really hard to close. Hint: :wq.",171,7
243,"squarespace","Build and design your own beautiful website without a line of code.",247,16
242,"wordpress","The content management system you probably use everyday without even knowing it. Wordpress powers 25% of the entire internet. That's a lot of internet.",1542,205
241,"bootstrap","This frontend framework helps developers create new, beautiful and functional web apps quickly and easily.",967,50
240,"css","The web would be so boring without a little style.",1267,115
239,"sql","Structured Query Language. It's the language spoken by databases. Need data? You need SQL.",453,30
238,"ruby","Programming language optimized for developer happiness. Dynamic, object oriented and with a syntax that closely resembles English, Ruby is a joy to use. Used for building web applications at companies like Twitter, Hulu, Instacart and GitHub.",321,38
237,"saas","Software as a Service. It's software that lives in the cloud without all the annoying parts like installation or maintenance. Why do any of that when someone else will take care of it for you?",1667,574
236,"python","Not the snake. The programming language that can be used for just about anything. With a syntax closely resembling english, it's fun to write, read and learn. Need to built a web app? You can use Python. Scientific research? You can use Python. Write software for jet engines? Well you know. Python.",639,36
235,"java","Famous for ""write once, run anywhere."" This is the programming language that much of the worlds software in built with. It's also highly likely that you learned it in college. Say it with me: ""public static void main"".",226,36
234,"home-security","Intruder alert, intruder alert! üö® There‚Äôs no place like home, but it‚Äôs essential to keep that home safe and secure. While the Netatmo Welcome security camera offers facial recognition, Angee doubles as a voice controlled personal assistant. Either way, any of these products will make you feel more comfortable and assured than you did before.",392,74
233,"children-s-toys","Kids have so many fun toys to play with, from robotic racecars to educational DIY kits. LEGOs are still awesome though.",239,60
232,"internet-of-things","Connect everything to the internet, from your home lighting to connected espressos. Thank you for making coffee, Jarvis.",37294,903
231,"seo-tools","The first page of a Google search is so important, because, let‚Äôs face it, who actually makes it to page 2? Improve your visibility, increase your ranking and get more visitors by implementing some of these tips, tricks and tools.",1577,129
230,"crowdfunding","An idea is a good start but how do you turn it into reality or find out if other people really care? Crowdfunding might be your answer, and here are some resources that can help.",846,240
229,"kickstarter","Every day backers help turn someone's dream into a reality, from potato salad to the world's coolest cooler. Here are some of the projects on the world's largest crowdfunding platform, Kickstarter.",2005,243
228,"beauty","From skincare sticklers to fashion aficionados, we all have our ways of making ourselves look and feel beautiful. And the tools that enhance our beauty are only becoming more and more personalized. No matter how many changes you make, though, you‚Äôve always been a cutie pie to us! üòç",356,59
227,"space","Explore new galaxies from the comfort of a VR headset or liftoff into space through a sci-fi book. Pro tip: the answer is 42. ‚ú®",716,63
226,"djing","And to think it all started with two turntables and a microphone. It‚Äôs time to build party playlists, connect with your favorite music communities, and - most importantly - get down with your bad self! üî•",150,22
225,"colleges","They say it's the best four years of your life. Whether you need Campus Cribz to help you find a roomie or miss your mom already and need Another Mother, these tools, talks and reads delve into the details of college life. Just don't drop out. üéì",101,48
224,"baseball","Grab your peanuts and crackerjacks, it‚Äôs time to dive into one of the world's most popular (and nostalgic) sports. ‚öæÔ∏è",56,27
223,"party","Grab your friends üëØ and your best playlist üé∂. Get loose! üéâ",180,64
222,"anime","Shout out to artists hailing from üáØüáµ for coming up with one of the most captivating art forms of our day. Jump into the vibrant world of anime, full of dynamic storylines and rich graphics.",142,26
221,"comics-and-graphic-novels","Spiderman, Wonderwoman, Batman, and so many other superheroes have inspired our imagination since childhood. Turns out, they‚Äôve inspired some great apps too.",225,33
220,"boxing","Throw on iPunch smart gloves and work on that right hook, or start slow with a mobile game like Real Boxing 2 CREED. Float like a butterfly and sting like a bee. üëä",50,7
219,"swimming","Grab your speedos, get your technique right, and tumble turn like a pro... or just doggy paddle.",76,8
218,"skateboarding","You may not be Tony Hawk (yet!) but you can still share kickflip photos on Krak and travel to work on the electric-powered Boosted Board.",90,28
217,"couples","Communicate and share your love in private with your boo. üòò",419,39
216,"selfies","Still using the Camera app to snap a selfie? Here are a few alternatives, beautiful.",135,57
215,"nostalgic","We all share fond memories of TV, film, music, and experiences from the past. Relive your retro childhood with these apps and products.",275,90
214,"photoshop","Change your face and body without diet or exercise. Adobe's Photoshop is one of the most powerful graphics editors around.",883,81
213,"text-editors","So many ways to write on your digital devices.",2408,66
212,"cryptocurrencies","Bitcoin, Litecoin, Dogecoin. Cryptocurrency has the capability to change the way we transact and so much more.",492,100
211,"batteries","Low battery anxiety is the worst of first world problems. Here are some external batteries and products to keep your devices full charged. üîã",228,27
210,"phone-cases","There‚Äôs nothing worse than a cracked phone screen, but cases can do much more than just protect your phone. Prong powers cellphones all day long, HandL is gripless and comes with a stand, and Snoop‚Äôs Lighter case comes with -- you guessed it -- a lighter. üî•",411,72
209,"learn-a-language","Parlez-vous Francais? Sprichst du Deutsch? Hablas espa√±ol? If you have no idea what any of that means, this might be the right place for you.",1093,105
208,"venture-capital","If your job is to turn pennies onto benjamins, these tools and resources might help (but sorry, Uber's seed round closed long ago).",11436,356
207,"advertising","We get to use so many free services thanks to advertising. Get the most out of your ad budget and earn revenue with some of these tools.",1602,284
206,"growth-hacking","We're all looking for the hockey stick. Here are a few things that might help, but first follow this topic NOW. #growthhacking",26512,949
205,"time-tracking","Time is always escaping us. Track what you're doing so you can be more efficient with life's most precious resource.",675,91
204,"education","Learn, do, teach. Always be learning!",13268,1324
203,"investing","Takes money to make money! Get your start here.",1442,378
202,"novels","Open your imagination and get lost in a good story.",103,33
201,"diy","Build it yourself, with these handy kits and instructions.",1119,46
200,"hipster","""I followed this topic before it was cool."" üë®",209,21
199,"pets","Your new best friend that doesn't talk back (because they're not human).",242,101
198,"cats","The Internet's favorite animal. MEOW! üò∏",247,120
197,"sports-podcasts","Get the update on the latest in the sports world, whether it's hearing more about your favorite QB or an interview with the MVP of your favorite soccer team.",49,37
196,"education-podcasts","Learn about all sorts of things through digestible bits of audio on the go.",299,283
195,"music-podcasts","Ditch the flimsy Apple earbuds and equip some gorgeous Bower & Wilkins headphones before diving into these toe-tapping podcasts.",149,71
194,"thriller-books","Page turners that twist and turn and keep us on the edge of our seat.",53,17
193,"horror-books","Flip on the nightlight and curl up with a frightening novel.",55,25
192,"business-podcasts","No time to read? Stay up-to-date with business trends and wow the boardroom, without opening up a book.",779,2128
191,"science-podcasts","Grab your busen burners and lab coat before diving into the stimulating world of SCIENCE!",184,72
189,"celebrity-podcasts","Listen to interviews and discussions with your favorite celebs.",51,97
188,"developer-podcasts","Want to know how great apps get made and level up your coding skillz? Check out these podcasts and learn directly from developers.",313,320
187,"political-podcasts","Stay up to date on issues and find out more about the current political atmosphere‚Ä¶ just don't bring it up at the family reunion.",103,80
186,"games-podcasts","Keep up to date with all the newest developments regarding everyone's favorite past time: video games!",73,82
185,"funny-podcasts","Want to LOL? De-stress with a few laughs from some of the funniest comedians on the planet.",138,189
184,"crime-podcasts","Serial isn't the only crime podcast around. Listen to these (true or fictional) stories. They'll blow your mind.",132,43
183,"tech-podcasts","Listen to interviews and discussions about the future with the world's most insightful founders, VCs, and reporters in tech while at the gym or on the bus.",1181,1497
182,"science-books","Learn more about yourself and how the world works. Bill Nye would be proud of your curiousity.",190,107
181,"fashion-books","Anna Wintour would be proud of your fashion savvy. Read your way to a fabulous look.",81,10
180,"yoga-books","Find your inner zen (and get a good work out) with the techniques shared in these books.",67,4
179,"design-books","Learn how to design memorable, beautiful experiences. Design is much more than pretty pixels.",1185,217
178,"startup-books","Startups are hard. First, equip yourself with an understanding of how to do customer development, market your product, and raise venture for your company.",1245,331
177,"crime-books","Turn into Sherlock Holmes, without leaving your bed. Grab a book and see if you can solve the crime before the last chapter.",58,18
176,"cooking","Turn raw ingredients into delicious meals for your family and friends. It's like magic.",547,78
175,"art-books","Feast your creativity on books that delight your artistic flare. Whether you're a budding Vincent Van Gough, Banksy or just looking for that perfect book to complete your coffee table collection, there's a wealth of literature to be discovered.",148,73
174,"cooking-books","Let's face it, you're not Gordon Ramsey. Luckily, the pro's shared their secrets, just follow directions.",176,34
173,"history-books","Learn more about the past, because the past repeats itself so you better be prepared.",128,73
172,"biking","Slip on your spandex, stretch your legs, and explore these products before hopping onto your bike.",243,85
171,"lifehacks","Save time, money, and headaches. There are all sorts of products that can make your life better.",49466,1872
170,"charity-and-giving","There are so many ways to help others with a few taps on your phone. Donate your time or money to the homeless, disabled, and others in need of help.",311,134
169,"photo-retouching","Even the best selfies could look better, and now they do thanks to these magical apps.",232,103
168,"fighting-games","Put up your dukes and get ready to rumble. Ready, set, FIGHT!",69,31
167,"crafting-games","It's like DIY in video games. Make your own fun.",171,25
166,"simulation-games","From goat to truck driving, there's a simulator for everything. Live a different life without leaving your full-time job.",133,76
165,"isometric-games","2D can be so limiting. Skew the view and explore these beautiful isometric titles.",114,25
164,"marketing","Having a killer product is essential, but it's not that useful if no one knows about it. These products will help you spread the word about your new startup or project.",40663,2527
163,"historical-games","Want to know more about the past? Dive into historal events and take part in the action first-hand with these games.",71,14
162,"tower-defense-games","The enemy's approaching. Set up your barriers and make sure no one gets in.",67,18
161,"word-games","Are you a word nerd? Love flummoxing your friends? Give these games a go.",120,22
160,"funny-games","Games don't always have to be serious. These games will make you LOL, ROFL, and LYAO.",102,224
159,"drinking","It's 5 o'clock somewhere. Just one drink. üçª",123,96
158,"beer","Sweet nectar of the gods, now even more delightful to sip with on-demand beer delivery and apps to help you find the perfect brew.",423,44
157,"kids","Games can be fun and educational. These games will help your child learn, grow, and have a great time.",113,183
156,"retro-games","Back in the day, games were simple and fun. Take a trip back to the good ole day with these retro titles.",204,34
155,"zombie-games","Grab your shotgun and aim for the head. Zombies just want your braaaaaaaains.",50,17
154,"fantasy-games","Real life can get boring. Fly dragons, cast spells, and battle trolls in your pajamas.",134,77
153,"sci-fi-games","Explore unreal and unreachable worlds from space to jurassic jungles.",171,27
152,"free-games","We all love games, but we don't always have the money for them. These games will give you a ton of fun without stressing your budget.",363,678
151,"mmos","Games are better with others. Connect with friends for a raid, or make new friends in far away lands.",90,28
150,"puzzle-games","Get your brain working overtime with mind-bending puzzles.",290,282
149,"sports-games","Football, Soccer, Hockey, Basketball, Baseball. Now you can play them all, without breaking a sweat.",71,55
148,"open-world-games","With these games, you can go wherever you want, whenever you want. Time to explore.",214,30
147,"strategy-games","Some of us like to turn off our brain and mash buttons. Others prefer an intellectual challenge, methodically plan each and every move. Challenge your brain with these games.",237,77
146,"indie-games","So much passion and love goes into independent games. It's remarkable what can be made with a small budget and just a few people.",354,387
145,"adventure-games","Like adventure but value your life? That's understandable. Fortunately, we can explore dangerous dungeons and unforgiving seas from the comfort of our home. Load up your gear and get ready for a great time.",256,268
144,"action-games","Do you want your games to feel like they were created by Michael Bay? Check out these heart-pumping titles if you're a fan of cinematic scenes and over-the-top action.",272,435
143,"horror-games","Some people love a fright. Weird, right? If you're one of those weirdos, have fun with these horrific games. It's ok if you need to sleep with the lights on afterward. We won't tell.",83,25
142,"platformers","Platformers have been around for a long time in video games and for good reason. Jump around through the colorful world of Mario to the unforgiving dangers in Super Meat Boy.",133,79
141,"driving-games","We all love to drive fast. The police aren't big fan of it. If you want to become Ricky Bobby for an afternoon, get behind the wheel of these speedsters.",78,80
140,"rpgs","Sometimes life is boring. Enter a new world and become a different person. Unfortunately the loot and XP your earn in the digital world won't carry over into real life",125,70
139,"fps","Lock and load! It's time to jump into the action a go face to face with zombies, robots, and ninjas. Good luck.",105,34
138,"meditation","Technology can raise our blood pressure but it can also help cure everyday anxiousness. Take a break, clear your mind, relieve the stress. There's an app for that.",752,58
137,"moving-and-storage","Whether you're moving across the world or cleaning out the junk under your staircase, there are so many services to help (and save your back).",256,37
136,"usability","Is your product easy for people to understand and use? If you're unsure, here are some tools to find out.",1604,122
135,"branding","Know who you are and make sure everyone else does to.",2029,215
134,"icons","They might be small, but even the tiniest visuals matter. Make sure you've got awesome iconography for your site, app, or brand.",621,58
133,"fonts","Please don't use Comic Sans. There are better options.",959,69
132,"typography","Typography is an artform, and now there are so many to choose from (or make yourself). But please, no more Comic Sans... or  Curlz MT or Papyrus.",1539,78
131,"spreadsheets","Giant tables of information for your organizational pleasure. Put numbers in them. Put words in them. Put GIFs in them! It's up to you.",847,47
130,"a-b-testing","Optimize your on-boarding flow, test copy variations, or just experiment with different shades of blue. Every test is a learning opportunity and there are so many tools that can help.",1520,125
129,"lead-generation","Find new ways to connect with potential customers and build your business.",1049,78
128,"email-marketing","Email is still one of the stickiest channels to communicate with your users. Email better with some of these marketing tools.",1563,277
126,"furniture","A house isn't a home without furniture. Express your eccentric style with a funky chair or decorate for comfort with a cushy couch.",313,71
125,"hardware","Software may be eating the world but it's nothing without hardware.",662,569
124,"ad-blockers","Browse the web faster and get rid of those pesky popups and obnoxious ads with ad blockers for your computer and smartphone. Don't worry, we won't tell.",260,47
123,"customer-communication","The customer is always right, right? From customer support tools to handwritten card services, there are so many ways to make your users smile. üòä",501,310
122,"prototyping","Bring your idea to life super fast with quick and dirty wireframes, mockups, and functional prototypes. Don't worry if it's not perfect.",14807,220
121,"memes","From cats to cute babies, memes are unavoidable on the Internet.",178,28
120,"chat","We all love chatting with friends, and today we have so many more options than AOL chat rooms... a/s/l?",683,515
119,"payment","Pay up! Exchange money using more than just those ancient papers and hunks of metal.",1040,215
118,"responsive-design","Make sure your site looks beautiful on a 32"" Mac to a 4"" smartphone.",1664,176
117,"backpacks","Causing bad posture since kindergarten, backpacks can be a pain. But they're also quite useful, whether you're rocking a stylish P.MAI bag or playful (non-ephemeral) Snapchat ghost backpack.",621,49
116,"tennis","You might need to work on your backswing, but everyone loves tennis! üéæ",50,24
115,"golf","Golf may be one of the slowest sports invented but it's also one of the most challenging, where even the slightest mistake will cost you the green jacket. Now we have apps and advanced tech to help us reach Tiger-level results. ‚õ≥Ô∏è",52,30
114,"soccer","Some might disagree on its actual name, but we can all agree that it's fantastic! ‚öΩÔ∏è",98,84
113,"football","There's nothing like tossing around the ole pigskin. What else are Sundays for? üèà",79,81
112,"basketball","You may not be 6' 6"" but you can still enjoy a 5 vs. 5 game of basketball (or H.O.R.S.E. with a few friends). üèÄ",61,61
111,"sports","Whether they involve kicking, throwing, or catching, we all we all love sports. ‚öΩÔ∏è üèà üèÄ",414,264
110,"robots","Sure, they might one day take over the world, but for now robots are pretty cool! Let's enjoy them while we can.",655,151
109,"rss","Who has time to type in a URL now days? Get your favorite content delivered straight to you.",237,21
108,"analytics","You can't (accurately) improve things you can't measure. From Mixpanel to Google Analytics, there are all kinds of tools to make sure you're on track.",30140,1145
107,"dropbox","Store and have access to all of your files whenever and wherever you are.",716,39
106,"smart-home","Live in the future (literally). Connect everything in your home to the Internet, from your fridge to you furniture.",18290,517
105,"gifs","If a picture is worth a thousand words, how much is a GIF worth? We don't know but they sure are fun.",8238,158
104,"social-media-tools","#GrowthHack your Twitter following and become a social media ninja with these tools. But first, follow us at @ProductHunt. #teamfollowback",12623,732
103,"dating","Find your soulmate (or maybe just a new friend) in a few swipes, taps, and emojis exchanges. üòΩ",237,170
102,"facebook","Connect and stay in touch with everyone you've ever met. Digitally.",14604,375
101,"twitter","Share your thoughts with the world in 140 characters... unless you're using OneShot. Tweet like a pro and explore the vast universe of Twitter apps.",6971,334
100,"movies","There are so many apps to help you find the right flick, from horror to rom-com to horror rom-com. Browse this topic and chill. üé•",1030,260
99,"swift","Want to build your own iOS, Mac, Apple TV, or Apple Watch app? Learn Swift, a robust programming language created by Apple. Here are some resources to help.",550,88
98,"to-do","Managing tasks is hard without a plan. Make a list, check it twice, see which tasks are easy and nice.",12295,172
97,"3d-printing","Magically go from digital renditions to touchable prototypes. 3D printing lets you think, create and build multidimension things, from jewelry to toys to selfies (yes, really).",561,173
96,"note","Still using post-its for all those important to-do's? Try these tools instead.",717,135
95,"public-relations","Getting your story to the right people can be hard, but with tools like PR in a Box and PR Stack, it's getting easier.",448,56
94,"fintech","At some point we all have to pay bills, save money and pay our taxes. Here are a few things to help manage finances before your cash flies away. üí∏",4326,507
93,"user-experience","",47680,1381
92,"cars","Vroom vroom, beep beep! Turn your Sonata into a smart car with Automatic, drive safer with Navdy, or have a new whip delivered to you with Skurt. üöóüí®",240,141
91,"file-storage","We could all use more storage for all of our selfies and half-written novels.",479,169
90,"writing-tools","Shakespeare didn't use fancy apps but we're not all Shakespeare. Here are a few things to help you write more good.",13694,338
89,"open-source","Sharing is caring. Build great things together.",13408,330
88,"apis","There's an API (Application Program Interface) for just about everything. Here are a few.",23876,857
87,"weather-apps","You could look outside to see if it's raining, or you could look at your smartphone. Predict the future and plan your day with magical, fortune-telling weather apps.",204,83
86,"mobile-chargers","There's nothing worse than a low battery. Keep your trusty smart phone charged and ready to go all day. ‚ö°Ô∏è",190,76
85,"email-newsletters","Email is far from dead. In fact, it's home to some of the best content on the Internet, like the Product Hunt daily digest. üòÅ",1494,213
84,"events","Planning a wedding, party, or brunch with friends? These tools will help.",335,328
83,"photography-tools","Put your best face forward with this collection of apps and tools to polish your work (and maybe a few selfies).",19186,571
82,"parenting","Be knowledgeable and enjoy the wild ride of parenthood. If you need help, there are some great resources and apps for you and your family.",274,110
81,"adult-coloring-books","Coloring books aren't just for kids. Take a load off and relax with color. Just make sure to stay in the lines. üé®",222,44
80,"wine","You know when you wake up and you're alreadying thinking of that perfect glass of üç∑ for your evening wind down? Well, you've come to the right place.",215,17
79,"surfing","Cowabunga my dudes & dudettes! Snag a board and let's hit the water. üèÑ",102,14
78,"dogs","That fuzzy 'ol pup with the tongue out is your best friend. There are lots of ways to show him your love so make sure he's got the best care to keep your canine smiling. üê∂",297,67
77,"beach-accessories","You've got the whole day to bliss-out on the sand üåûüëôüåä so make sure you're prepared to make the most of your beachy day.",80,14
76,"art","There are a million ways to create art and there are many tools to help get those creative juices flowing. Express yourself!",557,381
75,"street-art","Berlin, Bushwick, Brixton, the Mission; the quality of art you find on the streets is inspiring.",175,12
74,"fashion","Keeping up with the trends is a job on its own. Fortunately there are a few services to help you find the right fit. üëïüíçüë†",547,444
73,"home","Live in the future with the latest in connected devices, furniture built for comfort, and robots. Yes, robots.",8125,330
72,"freelance","Welcome to the gig economy! Be your own boss and create your own work destiny. But working for yourself has its challenges. Make it easier with invoicing tools, time-management apps, and coworking locators.",2020,181
71,"sales","A great product isn't much without sales. Improve your conversation and get to the close with some of these useful tools.",750,346
70,"jewelry","Breakfast at Tiffany's isn't a bad way to start your day, but there are many options to add flair with your attire. Find the perfect design that speaks to you or make your own piece that's unique to you.",149,47
69,"music-streaming","Find the perfect song for a romantic night, banging party, or day at the office.",494,252
68,"video-streaming","There are so many TV and movie streaming options, is cable TV really necessary? Just don't waste your entire night hunting for something to watch. üòâ",553,550
67,"standing-desks","If the science says stand, we're going to stand üë´. From $25 to $2,500, there's a standing desk for everyone.",572,35
66,"soundcloud","Explore the largest community of artists, bands, podcasters and music creators, and all the apps built on top of this amazing platform for sound.",434,42
65,"spotify","What's your favorite way to stream the best music? Set the mood with a perfect playlist or start the party bumpin with the illest bangers. üé∂",5643,142
64,"amazon","The ""bookstore"" that sells T.P. and anything you're looking for.",1480,154
63,"instagram","Did you know you can schedule your Instagram posts, turn your best photos into edible marshmallows, and get detailed analytics for all your pics? There are apps for that. üì∑",1115,209
62,"socks","Whether you're looking for something comfortable, cute, or wacky, you'll find inspiration for your feet here. üëü",113,17
61,"anonymous","Who are you? Who are you talking about? Does he know who she is? üëª I don't know either.",364,90
60,"messaging","Plain text can be so boring. Find a new way to spice up your communication.",16619,1037
59,"sneakers-and-shoes","You kind of have to wear shoes, so make sure you're rocking something in style. Do your research and choose a pair of sneakers you're proud to wear.",202,50
58,"music-making-apps","It's never been easier to become a DJ and make your own tunes. Just remember to add more cow bell. üêÑ ",484,135
57,"music","The sounds of the world are a click or tap away. Find new ways to listen, share and create amazing music. üé∂",9726,786
56,"food","One of the most common questions in life: ""Where do you want to eat?"" Find the perfect place to eat or recipe for a night in. But first, let me share on Instagram. üç≥ üçî üç©",985,432
55,"csm-tools","There's got to be an easier way to keep people happy. Find smart ways to manage all your relationships with these helpful customer service management tools.",242,98
54,"custom-iphone-keyboards","Keyboards are for more than just typing. Share your location, send the perfect GIF, and speak in emojis using fancy custom keyboards on your iPhone.",193,90
53,"dj-khaled","Record producer, radio personality, and Snapchat mogul, DJ Khaled, drops major üîë‚Äôs on the daily. You‚Äôll often find him watering his plants and riding his jet ski like there‚Äôs no tomorrow. #blessup üôè",57,13
52,"celebrities","What are they doing? What are they wearing? Who are they dating? What are they investing in?",79,87
51,"politics","Left wing, Right wing, Green Party, Anarchist, Tea Party... the list goes on. Get political!",205,296
50,"news","Stay in the know. Keep up to date. See what's going on in the world.",9998,510
49,"alarm-clocks","Still using the default alarm on your phone? Try something new, but warning: not all of them come with a snooze button. üò¥",164,43
48,"task-management","Managing your time is hard without a plan. Make a list, check it twice, see which tasks are easy and nice. ‚úîÔ∏é",13774,253
47,"get-shit-done","Quit procastinating and just do it already. Seriously, do it.",35832,1338
46,"productivity","If time is most precious, this collection of lifehacks is so so precious. Be more productive and optimize your life.",57504,3696
45,"emoji","Be more expressive with your communication. üòÅüòÆüòú",2192,295
44,"design-tools","Design is more than just pretty pixels (no offense, pretty pixels). It's about user experience (UX), graphic design, and so much more, often aided by tools like Photoshop, Sketch, Illustrator, and other useful tools. üé®",39119,2158
43,"health-and-fitness","Losing weight? Gaining weight? There are so many resources available, from calorie counting apps to personal coaches in your pocket. üí™",13273,864
42,"funny","Knock knock. Who's there? Bad Jokes, cat puns and more. Get ready to LOL right meow.",422,487
41,"hiring-and-recruiting","Need to hire someone? Want a job? You've come to the right place.",982,388
40,"stock-photography","Building something and need a perfectly framed photo? There are sites for that.",580,102
39,"email","Love it or hate it, electronic mail is a huge part of your life but fortunately there are so many apps and extensions to make it more managable. PSA: Please don't ""Reply All"" to everything. üòÅ",8823,414
38,"podcasts","If you love talk radio, you'll love podcasts. There's a show on every topic imaginable, so download your favorite podcast player (Overcast and Stitcher are great options) and enjoy at the gym or in the car. üéß",419,9043
37,"tabletop-games","Gather your friends and play some games around a table (or floor... tabletop games also work on that platform).",127,13
36,"board-games","Before computers and iPads, there were board games. They came in boxes and and you got friends together and played with them and it was awesome.",360,108
34,"chrome-extensions","Level up your Chrome with super browser extensions. Happy surfing. üèÑ",9916,571
32,"oculus","Facebook's Oculus is looking to revolutionize the way we consume media and communicate with the world, through virtual reality (VR).",444,25
31,"drones","It‚Äôs a bird! It‚Äôs a plane! Nope, it's a drone. Unmanned aerial vehicles are growing in popularity, from the DGI Phantom to the autonomous Lily drone. Even Amazon may deliver T.P. from the sky soon.",7973,123
30,"virtual-reality","Strap on an Oculus or HTC Vive, and transport to a virtual world. Virtual Reality (VR) is one of the most transformational technologies to change the way we game, travel, and ‚Äúcall‚Äù home.",10600,318
29,"telegram","The free, multiplatform messaging app used by over 100 million people every month is home for bots for every use case. Here are some of the best integrations.",345,102
28,"uber","Get from A to B, the smartest way. Your private driver, on-demand.",460,99
27,"gear-vr","Slip into the world of virtual reality whenever you want to the Samsung Gear VR.",331,51
26,"apple-tv","After a long day at the office, find solitude in the vast world of TV and film on your Apple TV. Couch not included. üì∫",721,276
25,"htc-vive","Steam's take on virtual reality (VR), focused on mobility and great gaming.",82,47
24,"playstation-vr","The Sony PlayStation aims to bring virtual reality (VR) to anyone with a PS4. No costly PC needed.",164,16
23,"oculus-rift","",193,80
22,"slack","Real-time chat with everyone. Use it with your team, family, and friends.",25344,696
21,"web","You know that place with all those cat pics and GIFs? It also has some other neat stuff.",20957,12724
20,"browser","",631,259
19,"mac","The legendary foundations of Apple Computers. They're easy to use and easy to love. Go ahead, hop on the üçé bandwagon.",28354,2860
18,"windows","The Personal Computer changed the way we live and work, created by the legendary Bill Gates with the vision to put a ""computer on every desk"".",779,1975
17,"kindle","Collect and read books that won't gather dust on the handy, portable Amazon Kindle.",474,102
16,"firefox-extension","",258,543
15,"safari-extension","",402,463
13,"linux","For those who love to customize their OS to their own likings. Fedora, Red Hat, Ubuntu. You'll have your pick.",456,688
12,"apple-watch","When you don't have enough notifications on your Phone to distract you, get them on your wrist. Apple's sexy wearable might change your life.",654,640
11,"card-games","Did you know that card games used to be played IRL with laminated paper instead of on an iPad? Crazy, right?!",307,118
10,"board-game","",129,24
9,"ipad","A slab of Apple computing genius, now in multiple tablet sizes: Mini, Air, and Pro.",863,3802
8,"iphone","The beloved ""phone"" that changed the way we communicate, play games, and snap photos. üì±",22523,11276
7,"wii-u","Relive your childhood with Mario, Zelda, and Pokemon on Nintendo's motion-sensing console.",80,29
6,"3ds","The king of handheld gaming is still on top. Play the classics, from Mario to Pokemon, reimagined in 3D without the need for dorky glasses.",109,36
5,"vita","Sony's second handheld brings console quality games straight to your fingertips. Play Vita exclusives or even stream games directly from your PS4.",54,42
4,"ps4","",361,200
3,"xbox-one","Microsoft's console brings you awesome games like Halo and Gears of War and doubles as a killer home media device.",209,148
2,"android","One of the fastest growing platforms of all time, the little green bot lives in your pocket and does just about anything.",11773,6008
1,"pc","",403,73
